product_code,product_name,group_code,group_name,line_name,color,forecast_qty_q2,forecast_revenue_q2,forecast_qty_conservative,forecast_qty_optimistic,avg_unit_price,is_new_sku,missing_master_flag,rank_qty,rank_revenue
102002009000,Xe đạp Thống Nhất We Bare Bears 12 Hồng,UNKNOWN_GROUP,Unknown group,Unknown line,Hồng,158.3373,163763935.63945556,126.66984000000001,190.00475999999998,1034272.6296296295,1,True,100,114
102002023000,Xe đạp Thống Nhất We Bare Bears 12 Kem,UNKNOWN_GROUP,Unknown group,Unknown line,Kem,102.2373,97304406.0408,81.78984000000001,122.68476000000001,951750.5454545454,1,True,122,134
103002009000,Xe đạp Thống Nhất We Bare Bears 16 Hồng,UNKNOWN_GROUP,Unknown group,Unknown line,Hồng,183.3722,216905535.33806664,146.69776,220.04663999999997,1182870.3333333333,1,True,87,102
103002023000,Xe đạp Thống Nhất We Bare Bears 16 Kem,UNKNOWN_GROUP,Unknown group,Unknown line,Kem,108.2675,118701973.31108695,86.614,129.921,1096376.7826086956,1,True,121,128
103002025000,Xe đạp Thống Nhất We Bare Bears 16 Xanh Mint,UNKNOWN_GROUP,Unknown group,Unknown line,Xanh Mint,65.2047,75279226.07216,52.16376000000001,78.24564,1154506.1333333333,1,True,132,137
104002009000,Xe đạp Thống Nhất Tom & Jerry 14 Hồng,UNKNOWN_GROUP,Unknown group,Unknown line,Hồng,82.3372,101342272.504,65.86976,98.80463999999998,1230820.0,1,True,129,131
104002020000,Xe đạp Thống Nhất Tom & Jerry 14 Xanh da trời,UNKNOWN_GROUP,Unknown group,Unknown line,Xanh Da Trời,29.862799999999996,34165943.62445,23.89024,35.835359999999994,1144097.125,1,True,136,147
105002004000,Xe đạp Thống Nhất Batwheels 12 Đỏ,UNKNOWN_GROUP,Unknown group,Unknown line,Đỏ,139.9024,152634436.5095,111.92192,167.88287999999997,1091006.5625,1,True,104,117
105002013000,Xe đạp Thống Nhất Batwheels 12 Xanh,UNKNOWN_GROUP,Unknown group,Unknown line,Xanh,165.42569999999998,181709777.49785388,132.34055999999998,198.51084,1098437.4102564105,1,True,94,107
106002001000,Xe đạp Thống Nhất Batwheels 16 Đen,UNKNOWN_GROUP,Unknown group,Unknown line,Đen,231.9955,285100419.84073913,185.59640000000002,278.39459999999997,1228904.956521739,1,True,74,89
106002004000,Xe đạp Thống Nhất Batwheels 16 Đỏ,UNKNOWN_GROUP,Unknown group,Unknown line,Đỏ,184.349,225359102.7653721,147.47920000000002,221.2188,1222459.046511628,1,True,86,100
106002013000,Xe đạp Thống Nhất Batwheels 16 Xanh,UNKNOWN_GROUP,Unknown group,Unknown line,Xanh,214.4373,247283641.5258,171.54984000000002,257.32475999999997,1153174.5714285714,1,True,77,95
114002000000,Xe đạp Thống Nhất TE 16-04,KIDBIKE_1,Xe trẻ em nhóm 1,Xe TE 16-04,Unknown color,6.7628,5951264.0,5.41024,8.115359999999999,880000.0,0,True,154,175
115002019001,Xe đạp Thống Nhất 16 Ben 10 màu vàng,KIDBIKE_1,Xe trẻ em nhóm 1,Xe TE 16 Ben 10 (IP - Bản quyền),Vàng,0.0,0.0,0.0,0.0,1293500.0,0,False,168,185
116002023000,Xe đạp thống nhất TE Love 16 Kem,KIDBIKE_2,Xe trẻ em nhóm 2,Xe Love 16,Kem,172.17989999999998,133681507.43939997,137.74391999999997,206.61587999999995,776406.0,0,False,89,126
117002023000,Xe đạp thống nhất TE Bunny 16 Kem,KIDBIKE_2,Xe trẻ em nhóm 2,Xe Bunny 16,Kem,158.4648,141757398.3488,126.77184,190.15776,894567.1111111111,0,False,99,125
122002002000,Xe đạp Thống Nhất Neo 20-02 Trắng,KIDBIKE_1,Xe trẻ em nhóm 1,Xe Neo 20-02,Trắng,0.0,0.0,0.0,0.0,1050000.0,0,False,168,185
122002004000,Xe đạp Thống Nhất Neo 20-02 Đỏ tươi,KIDBIKE_1,Xe trẻ em nhóm 1,Xe Neo 20-02,Đỏ Tươi,0.0,0.0,0.0,0.0,1111111.0,0,False,168,185
122002007000,Xe đạp Thống Nhất Neo 20-02 Coban,KIDBIKE_1,Xe trẻ em nhóm 1,Xe Neo 20-02,Coban,0.0,0.0,0.0,0.0,1111111.0,0,False,168,185
122002009000,Xe đạp Thống Nhất Neo 20-02 Hồng,KIDBIKE_1,Xe trẻ em nhóm 1,Xe Neo 20-02,Hồng,4.8279,6327228.484499999,3.86232,5.793479999999999,1310555.0,0,False,161,174
122002009001,Xe đạp Thống Nhất Bubbles 20 Hồng dạ quang,UNKNOWN_GROUP,Unknown group,Unknown line,Hồng Dạ Quang,212.1955,269176357.615,169.75639999999999,254.63459999999998,1268530.0,1,True,78,92
122002019000,Xe đạp Thống Nhất Bubbles 20 Vàng chanh,KIDBIKE_1,Xe trẻ em nhóm 1,Xe Neo 20-02 Bubble,Vàng Chanh,132.0187,165326206.33947408,105.61496,158.42244,1252293.851851852,1,False,106,113
122002022000,Xe đạp Thống Nhất Bubbles 20 Xanh,KIDBIKE_1,Xe trẻ em nhóm 1,Xe Neo 20-02 Bubble,Xanh,170.9862,214186528.37633336,136.78896000000003,205.18344000000002,1252653.888888889,1,False,90,103
122002024000,Xe đạp Thống Nhất Bubbles 20 Tím dạ quang,UNKNOWN_GROUP,Unknown group,Unknown line,Tím Dạ Quang,122.914,151595902.36741176,98.33120000000001,147.4968,1233349.3529411764,1,True,114,118
123002002000,Xe đạp Thống Nhất Neo 20-03 Trắng,KIDBIKE_1,Xe trẻ em nhóm 1,Xe Neo 20-03,Trắng,0.0,0.0,0.0,0.0,1050000.0,0,False,168,185
123002004000,Xe đạp Thống Nhất Neo 20-03 Đỏ tươi,KIDBIKE_1,Xe trẻ em nhóm 1,Xe Neo 20-03,Đỏ Tươi,0.0,0.0,0.0,0.0,1050000.0,0,False,168,185
123002007000,Xe đạp Thống Nhất Neo 20-03 Coban,UNKNOWN_GROUP,Unknown group,Unknown line,Coban,0.0,0.0,0.0,0.0,1050000.0,0,True,168,185
123002009000,Xe đạp Thống Nhất Neo 20-03 Hồng,KIDBIKE_1,Xe trẻ em nhóm 1,Xe Neo 20-03,Hồng,145.40019999999998,231186318.0,116.32016000000002,174.48024,1590000.0,0,False,102,99
124002004000,Xe đạp Thống Nhất Neo 2004 Đỏ tươi,KIDBIKE_1,Xe trẻ em nhóm 1,Xe Neo 2004,Đỏ Tươi,6.518599999999999,7242888.164599999,5.214879999999999,7.8223199999999995,1111111.0,0,False,156,169
124002009000,Xe đạp Thống Nhất Neo 2004 Hồng,KIDBIKE_1,Xe trẻ em nhóm 1,Xe Neo 2004,Hồng,41.2093,45788106.532299995,32.967439999999996,49.45115999999999,1111111.0,0,False,134,142
124002024000,Xe đạp Thống Nhất Neo 2004 Tím,KIDBIKE_1,Xe trẻ em nhóm 1,Xe Neo 2004,Tím,13.362799999999998,14847554.070799999,10.69024,16.035359999999997,1111111.0,0,False,149,157
125002002000,Xe đạp Thống Nhất Puppy 20 Trắng,KIDBIKE_1,Xe trẻ em nhóm 1,Xe Puppy 20,Trắng,407.2211,525201901.64914125,325.77688,488.66531999999995,1289721.7301587302,0,False,43,57
125002009000,Xe đạp Thống Nhất Puppy 20 Hồng,KIDBIKE_1,Xe trẻ em nhóm 1,Xe Puppy 20,Hồng,1837.2661999999998,2411820594.951234,1469.81296,2204.71944,1312722.4541284405,0,False,4,9
125002013000,Xe đạp Thống Nhất Puppy 20 Xanh,KIDBIKE_1,Xe trẻ em nhóm 1,Xe Puppy 20,Xanh,639.8117,830802146.4916799,511.84936000000005,767.77404,1298510.4,0,False,30,38
125002023000,Xe đạp Thống Nhất Puppy 20 Kem,KIDBIKE_1,Xe trẻ em nhóm 1,Xe Puppy 20,Kem,879.2399,1132655931.2463999,703.39192,1055.08788,1288221.7142857143,0,False,18,28
131002001002,Xe đạp Thống Nhất GN 06 20 2024 Đen,KIDBIKE_1,Xe trẻ em nhóm 1,Xe GN 06 20 2024,Đen,1071.3032,1254225612.7071428,857.0425600000001,1285.56384,1170747.5649350649,0,False,12,23
131002004000,Xe đạp Thống Nhất GN 06 20 Đỏ tươi,KIDBIKE_1,Xe trẻ em nhóm 1,Xe GN 06 20,Đỏ Tươi,0.0,0.0,0.0,0.0,1197685.19,0,False,168,185
131002004005,Xe đạp Thống Nhất GN 06 20 2024 Đỏ,KIDBIKE_1,Xe trẻ em nhóm 1,Xe GN 06 20 2024,Đỏ,315.4536,370700211.3507,252.36288000000002,378.54431999999997,1175133.875,0,False,60,75
131002007000,Xe đạp Thống Nhất GN 06 20 Coban,KIDBIKE_1,Xe trẻ em nhóm 1,Xe GN 06 20,Coban,0.0,0.0,0.0,0.0,1197685.19,0,False,168,185
131002008001,Xe đạp Thống Nhất GN 06 20 2024 Ghi,KIDBIKE_1,Xe trẻ em nhóm 1,Xe GN 06 20 2024,Ghi,718.9237,843871242.5300541,575.13896,862.7084400000001,1173798.0574712644,0,False,27,37
131002019002,Xe đạp Thống Nhất GN 06 20 2024 Vàng,KIDBIKE_1,Xe trẻ em nhóm 1,Xe GN 06 20 2024,Vàng,378.6607,442526678.64521873,302.92856,454.39284,1168662.8125,0,False,48,66
132002001001,Xe đạp Thống Nhất GN 2.0 20 đen - Bat man,KIDBIKE_1,Xe trẻ em nhóm 1,Xe GN 06 2.0 20 DC (IP - Bản quyền),Đen,234.9886,307965484.673,187.99088,281.98632,1310555.0,1,False,72,86
132002003001,Xe đạp Thống Nhất GN 2.0 20 đỏ - Wonderwoman,KIDBIKE_1,Xe trẻ em nhóm 1,Xe GN 06 2.0 20 DC (IP - Bản quyền),Đỏ,111.9745,146748740.8475,89.5796,134.36939999999998,1310555.0,1,False,119,121
132002022001,Xe đạp Thống Nhất GN 2.0 20 xanh - Superman,KIDBIKE_1,Xe trẻ em nhóm 1,Xe GN 06 2.0 20 DC (IP - Bản quyền),Xanh,254.0373,334522883.504205,203.22984,304.84475999999995,1316825.85,1,False,66,81
207004000000,Xe đạp Thống Nhất 219-05-26,CITYBIKE_P,Xe phổ thông,Xe 219-05-26,Unknown color,633.6505999999999,941767539.7541052,506.92048,760.38072,1486256.8421052631,0,True,31,33
208002003000,Xe đạp Thống Nhất 219-24 Đỏ đun,CITYBIKE_P,Xe phổ thông,Xe 219-24,Đỏ Đun,282.7418,388508093.2616888,226.19344,339.29015999999996,1374073.7777777778,0,False,62,72
208002007000,Xe đạp Thống Nhất 219-24 Coban,CITYBIKE_P,Xe phổ thông,Xe 219-24,Coban,84.76050000000001,117737605.54359376,67.8084,101.71260000000001,1389062.1875,0,False,128,129
208002023000,Xe đạp Thống Nhất 219-24 Xanh Tím,CITYBIKE_P,Xe phổ thông,Xe 219-24,Xanh Tím,318.52810000000005,452584656.2064277,254.82248000000004,382.23372000000006,1420862.5744680848,0,False,58,63
209002003000,Xe đạp Thống Nhất 219-26 Đỏ đun,CITYBIKE_P,Xe phổ thông,Xe 219-26,Đỏ Đun,366.2373,534060209.79589474,292.98984,439.48476000000005,1458235.4385964915,0,False,49,55
209002007000,Xe đạp Thống Nhất 219-26 Coban,CITYBIKE_P,Xe phổ thông,Xe 219-26,Coban,249.7792,364990637.36057436,199.82336,299.73504,1461253.1282051282,0,False,69,76
209002025000,Xe đạp Thống Nhất 219-26 Xanh Tím,CITYBIKE_P,Xe phổ thông,Xe 219-26,Xanh Tím,598.1888,889702534.1853766,478.55104000000006,717.82656,1487327.3023255814,0,False,33,35
214004000000,Xe đạp Thống Nhất GN 05-26,CITYBIKE_P,Xe phổ thông,Xe GN 05-26,Unknown color,714.7844,1092317376.856051,571.82752,857.74128,1528177.4152542374,0,True,28,31
215004000000,Xe đạp Thống Nhất GN 05-27,CITYBIKE_P,Xe phổ thông,Xe GN 05-27,Unknown color,240.856,381204335.51199996,192.68480000000002,289.0272,1582706.4117647058,0,True,71,73
216002001000,Xe đạp Thống Nhất GN 06-24 Đen,CITYBIKE_P,Xe phổ thông,Xe GN 06-24,Đen,111.9745,157697383.50849998,89.5796,134.36939999999998,1408333.0,0,False,119,115
216002003000,Xe đạp Thống Nhất GN 06-24 Đỏ đun,CITYBIKE_P,Xe phổ thông,Xe GN 06-24,Đỏ Đun,43.1442,58861003.387371436,34.51536,51.773039999999995,1364285.4285714286,0,False,133,141
216002007000,Xe đạp Thống Nhất GN 06-24 Coban,CITYBIKE_P,Xe phổ thông,Xe GN 06-24,Coban,357.5462,528220906.07355386,286.03696,429.05544,1477350.076923077,0,False,53,56
216003001000,Xe đạp Thống Nhất GN 06-24 2.0 Đen,CITYBIKE_P,Xe phổ thông,Xe GN 06-24 2.0,Đen,776.0632,1161585451.0686748,620.8505600000001,931.27584,1496766.5662650603,0,False,23,27
216003005000,Xe đạp Thống Nhất GN 06-24 2.0 Cam,CITYBIKE_P,Xe phổ thông,Xe GN 06-24 2.0,Cam,162.921,243451333.44931036,130.3368,195.5052,1494290.6896551724,0,False,95,96
216003008000,Xe đạp Thống Nhất GN 06-24 2.0 Ghi,CITYBIKE_P,Xe phổ thông,Xe GN 06-24 2.0,Ghi,745.6746,1112605747.956329,596.5396800000001,894.80952,1492079.451219512,0,False,24,29
217002001000,Xe đạp Thống Nhất GN 06-26 Đen,CITYBIKE_P,Xe phổ thông,Xe GN 06-26,Đen,402.7188,579265464.2023332,322.17503999999997,483.2625599999999,1438386.9444444447,0,False,44,51
217002003000,Xe đạp Thống Nhất GN 06-26 Đỏ đun,CITYBIKE_P,Xe phổ thông,Xe GN 06-26,Đỏ Đun,131.142,201903985.589625,104.9136,157.3704,1539582.9375,0,False,107,105
217002007000,Xe đạp Thống Nhất GN 06-26 Coban,CITYBIKE_P,Xe phổ thông,Xe GN 06-26,Coban,327.93969999999996,479948777.6292,262.35176,393.5276399999999,1463527.5254237289,0,False,56,59
217002007001,Xe đạp Thống Nhất GN 06 26 D Coban,UNKNOWN_GROUP,Unknown group,Unknown line,Coban,26.5628,45009177.0832,21.250239999999998,31.87536,1694444.0,1,True,140,143
217003001000,Xe đạp Thống Nhất GN 06-26 2.0 Đen,CITYBIKE_P,Xe phổ thông,Xe GN 06-26 2.0,Đen,1643.1613,2662172344.5319443,1314.52904,1971.79356,1620152.7777777778,0,False,7,6
217003005000,Xe đạp Thống Nhất GN 06-26 2.0 Cam,CITYBIKE_P,Xe phổ thông,Xe GN 06-26 2.0,Cam,274.4258,446019266.5627525,219.54064,329.31095999999997,1625281.8305084745,0,False,63,65
217003008000,Xe đạp Thống Nhất GN 06-26 2.0 Ghi,CITYBIKE_P,Xe phổ thông,Xe GN 06-26 2.0,Ghi,1295.3775999999998,2068016932.5991542,1036.30208,1554.4531200000001,1596458.7720207253,0,False,10,11
217004005000,Xe đạp Thống Nhất GN 06-26 2.0 Pro Cam,SPORTBIKE_S,Xe thể thao thép,Xe GN 06-26 2.0 Pro,Cam,2.7666,3568914.0,2.21328,3.3199199999999998,1290000.0,0,False,164,183
217004008000,Xe đạp Thống Nhất GN 06-26 2.0 Pro Ghi,SPORTBIKE_S,Xe thể thao thép,Xe GN 06-26 2.0 Pro,Ghi,1.3167,4254891.0327,1.05336,1.58004,3231481.0,0,False,167,180
217004008001,Xe đạp Thống Nhất GN 06-26 2.0 Pro Shimano Ghi,SPORTBIKE_S,Xe thể thao thép,Xe GN 06-26 2.0 Pro Shimano,Ghi,0.0,0.0,0.0,0.0,2333500.0,0,False,168,185
217004022000,Xe đạp Thống Nhất GN 06-26 2.0 Pro Xanh dương,SPORTBIKE_S,Xe thể thao thép,Xe GN 06-26 2.0 Pro,Xanh Dương,5.5332,7359156.0,4.42656,6.6398399999999995,1330000.0,0,False,157,168
217004022001,Xe đạp Thống Nhất GN 06-26 2.0 Pro Shimano Xanh,SPORTBIKE_S,Xe thể thao thép,Xe GN 06-26 2.0 Pro Shimano,Xanh,0.0,0.0,0.0,0.0,2333500.0,0,False,168,185
218002001000,Xe đạp Thống Nhất GN 06-27 Đen,CITYBIKE_P,Xe phổ thông,Xe GN 06-27,Đen,110.93499999999999,169792118.92499998,88.74799999999999,133.12199999999999,1530555.0,0,False,120,112
218002003000,Xe đạp Thống Nhất GN 06-27 Đỏ đun,CITYBIKE_P,Xe phổ thông,Xe GN 06-27,Đỏ Đun,24.872099999999996,38068117.015499994,19.897679999999998,29.846519999999998,1530555.0,0,False,142,144
218002007000,Xe đạp Thống Nhất GN 06-27 Coban,CITYBIKE_P,Xe phổ thông,Xe GN 06-27,Coban,93.214,146970234.158,74.5712,111.85679999999999,1576697.0,0,False,125,120
218003001000,Xe đạp Thống Nhất GN 06-27 2.0 Đen,CITYBIKE_P,Xe phổ thông,Xe GN 06-27 2.0,Đen,0.0,0.0,0.0,0.0,1286743.1304347827,0,False,168,185
218003005000,Xe đạp Thống Nhất GN 06-27 2.0 Cam,CITYBIKE_P,Xe phổ thông,Xe GN 06-27 2.0,Cam,0.0,0.0,0.0,0.0,1270000.0,0,False,168,185
218003008000,Xe đạp Thống Nhất GN 06-27 2.0 Ghi,CITYBIKE_P,Xe phổ thông,Xe GN 06-27 2.0,Ghi,0.0,0.0,0.0,0.0,1321918.384375,0,False,168,185
218004005000,Xe đạp Thống Nhất GN 06-27 2.0 Pro Cam,SPORTBIKE_S,Xe thể thao thép,Xe GN 06-27 2.0 Pro,Cam,2.7666,3513582.0,2.21328,3.3199199999999998,1270000.0,0,False,164,184
218004008000,Xe đạp Thống Nhất GN 06-27 2.0 Pro Ghi,SPORTBIKE_S,Xe thể thao thép,Xe GN 06-27 2.0 Pro,Ghi,5.5332,7027164.0,4.42656,6.6398399999999995,1270000.0,0,False,157,170
218004008001,Xe đạp Thống Nhất GN 06-27 2.0 Pro Shimano Ghi,SPORTBIKE_S,Xe thể thao thép,Xe GN 06-27 2.0 Pro Shimano,Ghi,0.0,0.0,0.0,0.0,2398500.0,0,False,168,185
218004009001,Xe đạp Thống Nhất GN 06-27 2.0 Pro BLACKPINK,SPORTBIKE_S,Xe thể thao thép,Xe GN 06-27 2.0 Pro,Unknown color,0.0,0.0,0.0,0.0,1350000.0,0,True,168,185
219002012000,Xe đạp Thống Nhất GN 2.0 700C Ghi,UNKNOWN_GROUP,Unknown group,Unknown line,Ghi,366.2373,622776429.8512597,292.98984,439.48476000000005,1700472.4255319152,1,True,49,47
219002022000,Xe đạp Thống Nhất GN 2.0 700C Xanh,UNKNOWN_GROUP,Unknown group,Unknown line,Xanh,241.40709999999999,419419910.96692497,193.12568,289.68852,1737396.75,1,True,70,69
219002023000,Xe đạp Thống Nhất GN 2.0 700C Kem,UNKNOWN_GROUP,Unknown group,Unknown line,Kem,101.7489,179501429.2024412,81.39912000000001,122.09868,1764160.8823529414,1,True,123,109
224002002000,Xe đạp Thống Nhất New 24 Trắng,CITYBIKE_P,Xe phổ thông,Xe New 24,Trắng,867.7867000000001,1327828712.5741262,694.22936,1041.34404,1530132.592,0,False,19,18
224002004000,Xe đạp Thống Nhất New 24 Đỏ tươi,CITYBIKE_P,Xe phổ thông,Xe New 24,Đỏ Tươi,203.9048,299230294.0,163.12384,244.68575999999996,1467500.0,0,False,81,88
224002007000,Xe đạp Thống Nhất New 24 Coban,UNKNOWN_GROUP,Unknown group,Unknown line,Coban,0.0,0.0,0.0,0.0,1130000.0,0,True,168,185
224002009000,Xe đạp Thống Nhất New 24 Hồng,CITYBIKE_P,Xe phổ thông,Xe New 24,Hồng,427.9165,639835460.4296875,342.33320000000003,513.4997999999999,1495234.375,0,False,39,44
224002015000,Xe đạp Thống Nhất New 24 Café/nâu,CITYBIKE_P,Xe phổ thông,Xe New 24,Nâu,921.7329,1430081515.2184,737.38632,1106.0794799999999,1551514.0180180178,0,False,15,14
224002023000,Xe đạp Thống Nhất New 24 Kem,CITYBIKE_P,Xe phổ thông,Xe New 24,Kem,2273.5053000000003,3520535132.694498,1818.8042400000002,2728.20636,1548505.355450237,0,False,2,3
224002024000,Xe đạp Thống Nhất New 24 Tím,CITYBIKE_P,Xe phổ thông,Xe New 24,Tím,262.4908,390737427.8976235,209.99264,314.98895999999996,1488575.705882353,0,False,65,71
224002026000,Xe đạp Thống Nhất New 24 Xanh mint,CITYBIKE_P,Xe phổ thông,Xe New 24,Xanh Mint,861.7191,1314386472.158516,689.37528,1034.0629199999998,1525307.344537815,0,False,20,21
225002002000,Xe đạp Thống Nhất New 26 Trắng,CITYBIKE_P,Xe phổ thông,Xe New 26,Trắng,1490.8475999999998,2437688286.8593264,1192.67808,1789.0171199999997,1635102.2645502642,0,False,8,8
225002002001,Xe đạp Thống Nhất New 26 Trắng DA HP,CITYBIKE_P,Xe phổ thông,Xe New 26,Trắng,0.0,0.0,0.0,0.0,1805555.55,1,False,168,185
225002004000,Xe đạp Thống Nhất New 26 Đỏ tươi,CITYBIKE_P,Xe phổ thông,Xe New 26,Đỏ Tươi,167.035,262003660.78385714,133.62800000000001,200.442,1568555.4571428571,0,False,93,93
225002004001,Xe đạp Thống Nhất New 26 màu đỏ DA HP,CITYBIKE_P,Xe phổ thông,Xe New 26,Đỏ,0.0,0.0,0.0,0.0,1805555.55,1,False,168,185
225002007000,Xe đạp Thống Nhất New 26 Coban,UNKNOWN_GROUP,Unknown group,Unknown line,Coban,0.0,0.0,0.0,0.0,1835370.37,0,True,168,185
225002007001,Xe đạp Thống Nhất New 26 Xanh DA HP,CITYBIKE_P,Xe phổ thông,Xe New 26,Xanh,0.0,0.0,0.0,0.0,1805555.55,1,False,168,185
225002009000,Xe đạp Thống Nhất New 26 Hồng,CITYBIKE_P,Xe phổ thông,Xe New 26,Hồng,389.94449999999995,625748111.0219793,311.9556,467.9334,1604710.6986301367,0,False,46,45
225002015000,Xe đạp Thống Nhất New 26 Café/nâu,CITYBIKE_P,Xe phổ thông,Xe New 26,Nâu,1675.4661,2690309697.478673,1340.3728800000001,2010.5593199999998,1605708.2250000003,0,False,6,5
225002015001,Xe đạp Thống Nhất New 26 Café/nâu DA HP,CITYBIKE_P,Xe phổ thông,Xe New 26,Nâu,0.0,0.0,0.0,0.0,1805555.55,1,False,168,185
225002023000,Xe đạp Thống Nhất New 26 Kem,CITYBIKE_P,Xe phổ thông,Xe New 26,Kem,3218.1875,5241935601.463528,2574.55,3861.825,1628847.1698630138,0,False,1,1
225002024000,Xe đạp Thống Nhất New 26 Tím,CITYBIKE_P,Xe phổ thông,Xe New 26,Tím,215.00709999999998,336564751.6578439,172.00568,258.00852,1565365.756097561,0,False,76,80
225002025000,Xe đạp Thống Nhất New 26 Xanh mint,CITYBIKE_P,Xe phổ thông,Xe New 26,Xanh Mint,1030.0191,1659450444.8240938,824.01528,1236.0229199999999,1611087.0612244897,0,False,13,13
226002014000,Xe đạp Thống Nhất LD 24-01 Xanh Santorini,UNKNOWN_GROUP,Unknown group,Unknown line,Xanh Santorini,0.0,0.0,0.0,0.0,1996296.3,0,True,168,185
226003002000,Xe đạp Thống Nhất LD 24-01_2023 Trắng,CITYBIKE_P,Xe phổ thông,Xe LD 24-01_2023,Trắng,722.8749,1219690038.7017195,578.29992,867.44988,1687276.787037037,0,False,26,24
226003014000,Xe đạp Thống Nhất LD 24-01_2023 Xanh Santorini,CITYBIKE_P,Xe phổ thông,Xe LD 24-01_2023,Xanh Santorini,363.1188,601309957.16592,290.49504,435.74256,1655959.3090909093,0,False,51,50
226003015000,Xe đạp Thống Nhất LD 24-01_2023 Café/nâu,CITYBIKE_P,Xe phổ thông,Xe LD 24-01_2023,Nâu,363.0561,601563678.4235572,290.44488,435.66732,1656944.142857143,0,False,52,49
226003023000,Xe đạp Thống Nhất LD 24-01_2023 Kem,CITYBIKE_P,Xe phổ thông,Xe LD 24-01_2023,Kem,1770.5523,2990895459.996476,1416.4418400000002,2124.66276,1689244.344827586,0,False,5,4
227002009000,Xe đạp Thống Nhất LD 24-02 Hồng,UNKNOWN_GROUP,Unknown group,Unknown line,Hồng,0.0,0.0,0.0,0.0,1846574.07,0,True,168,185
227002014000,Xe đạp Thống Nhất LD 24-02 Xanh Santorini,CITYBIKE_P,Xe phổ thông,Xe LD 24-02,Xanh Santorini,0.0,0.0,0.0,0.0,1846574.07,0,False,168,185
230002001000,Xe đạp Thống Nhất M 27-01 Đen,CITYBIKE_P,Xe phổ thông,Xe M 27-01,Đen,0.0,0.0,0.0,0.0,1250000.0,0,False,168,185
230002002000,Xe đạp Thống Nhất LD 26 Trắng,CITYBIKE_P,Xe phổ thông,Xe LD 26,Trắng,619.0096,1102309854.8814242,495.20768,742.8115199999999,1780763.7472527472,0,False,32,30
230002009000,Xe đạp Thống Nhất LD 26 Pastel Hồng,UNKNOWN_GROUP,Unknown group,Unknown line,Hồng Pastel,1173.9915,2103304738.3840344,939.1932,1408.7898,1791584.2988505748,1,True,11,10
230002013000,Xe đạp Thống Nhất LD 26 Pastel Xanh,UNKNOWN_GROUP,Unknown group,Unknown line,Xanh Pastel,1371.5657999999999,2476757376.7410803,1097.2526400000002,1645.87896,1805788.228855721,1,True,9,7
230002014000,Xe đạp Thống Nhất LD 26 Xanh Santorini,CITYBIKE_P,Xe phổ thông,Xe LD 26,Xanh Santorini,392.3304,694672794.061139,313.86432,470.79648,1770632.0847457626,1,False,45,41
230002023000,Xe đạp Thống Nhất LD 26 Kem,CITYBIKE_P,Xe phổ thông,Xe LD 26,Kem,2105.6243999999997,3790730264.923565,1684.4995199999998,2526.7492799999995,1800287.9644268777,1,False,3,2
230002027000,Xe đạp Thống Nhất M 27-01 Xanh nước biển,CITYBIKE_P,Xe phổ thông,Xe M 27-01,Xanh Nước Biển,0.0,0.0,0.0,0.0,1250000.0,0,False,168,185
231002002000,Xe đạp Thống Nhất LD 26 We Bare Bears Trắng,UNKNOWN_GROUP,Unknown group,Unknown line,Trắng,219.20250000000001,466946946.52031255,175.36200000000002,263.043,2130208.125,1,True,75,62
231002023000,Xe đạp Thống Nhất LD 26 We Bare Bears Kem,UNKNOWN_GROUP,Unknown group,Unknown line,Kem,315.7352000000001,690376480.796952,252.58816000000004,378.88224,2186567.9873417723,1,True,59,42
231003002000,Xe đạp Thống Nhất M2601 Trắng,SPORTBIKE_S,Xe thể thao thép,Xe M2601,Trắng,0.0,0.0,0.0,0.0,2844722.22,0,False,168,185
231003002001,Xe đạp Thống Nhất M2601 Shimano Trắng (tem tím),SPORTBIKE_S,Xe thể thao thép,Xe M2601 Shimano,Trắng,5.5332,9185112.0,4.42656,6.6398399999999995,1660000.0,0,False,157,164
231003005000,Xe đạp Thống Nhất M2601 Đen Tem cam,SPORTBIKE_S,Xe thể thao thép,Xe M2601,Đen,0.0,0.0,0.0,0.0,1200000.0,0,False,168,185
231003005001,Xe đạp Thống Nhất M2601 Shimano Đen (tem cam),SPORTBIKE_S,Xe thể thao thép,Xe M2601 Shimano,Đen,2.7666,4592556.0,2.21328,3.3199199999999998,1660000.0,0,False,164,179
231003022000,Xe đạp Thống Nhất M2601 Xanh dương,SPORTBIKE_S,Xe thể thao thép,Xe M2601,Xanh Dương,0.0,0.0,0.0,0.0,1904880.9514285717,0,False,168,185
231003022001,Xe đạp Thống Nhất M2601 Shimano Xanh (tem trắng),SPORTBIKE_S,Xe thể thao thép,Xe M2601 Shimano,Trắng,2.7666,4813884.0,2.21328,3.3199199999999998,1740000.0,0,False,164,178
231003023000,Xe đạp Thống Nhất M2601 Đen Tem Xanh,SPORTBIKE_S,Xe thể thao thép,Xe M2601,Xanh,0.0,0.0,0.0,0.0,1200000.0,0,False,168,185
231003023001,Xe đạp Thống Nhất M2601 Shimano Đen (tem xanh),SPORTBIKE_S,Xe thể thao thép,Xe M2601 Shimano,Xanh,0.0,0.0,0.0,0.0,2658500.0,0,False,168,185
232003002000,Xe đạp Thống Nhất MS 27.5 Trắng,UNKNOWN_GROUP,Unknown group,Unknown line,Trắng,127.27220000000001,282120002.0256895,101.81776000000002,152.72664,2216666.3421052634,1,True,109,90
232003008000,Xe đạp Thống Nhất MS 27.5 Ghi,UNKNOWN_GROUP,Unknown group,Unknown line,Ghi,202.1327,451429629.28910005,161.70616,242.55924,2233333.0,1,True,82,64
232003009000,Xe đạp Thống Nhất MS 27.5 Hồng,UNKNOWN_GROUP,Unknown group,Unknown line,Hồng,92.01169999999999,199249118.21080354,73.60936,110.41403999999999,2165475.8928571427,1,True,127,106
233003022001,Xe đạp Thống Nhất MS Superman 27.5 DC xanh,UNKNOWN_GROUP,Unknown group,Unknown line,Xanh,30.107,71326817.35025,24.085600000000003,36.1284,2369110.75,1,True,135,138
303002003000,Xe đạp Thống Nhất MTB 20-03 Đỏ đun,UNKNOWN_GROUP,Unknown group,Unknown line,Đỏ Đun,0.0,0.0,0.0,0.0,1000000.0,0,True,168,185
303002004000,Xe đạp Thống Nhất MTB 20-03 Tem đỏ,UNKNOWN_GROUP,Unknown group,Unknown line,Đỏ,0.0,0.0,0.0,0.0,1000000.0,0,True,168,185
303002005000,Xe đạp Thống Nhất MTB 20-03 Tem cam,UNKNOWN_GROUP,Unknown group,Unknown line,Cam,0.0,0.0,0.0,0.0,1000000.0,0,True,168,185
303002019000,Xe đạp Thống Nhất MTB 20-03 Tem Vàng,UNKNOWN_GROUP,Unknown group,Unknown line,Vàng,0.0,0.0,0.0,0.0,1000000.0,0,True,168,185
303002020000,Xe đạp Thống Nhất MTB 20-03 Tem Xanh da trời,UNKNOWN_GROUP,Unknown group,Unknown line,Xanh Da Trời,5.0721,5072099.999999999,4.0576799999999995,6.086519999999999,1000000.0,1,True,159,177
304002004000,Xe đạp Thống Nhất MTB 20-04 Tem đỏ,KIDBIKE_1,Xe trẻ em nhóm 1,Xe MTB 20-04,Đỏ,0.0,0.0,0.0,0.0,1100000.0,0,False,168,185
304002005000,Xe đạp Thống Nhất MTB 20-04 Tem cam,KIDBIKE_1,Xe trẻ em nhóm 1,Xe MTB 20-04,Cam,3.3814,3888610.0,2.70512,4.0576799999999995,1150000.0,0,False,162,182
304002019000,Xe đạp Thống Nhất MTB 20-04 Tem Vàng,KIDBIKE_1,Xe trẻ em nhóm 1,Xe MTB 20-04,Vàng,0.0,0.0,0.0,0.0,1100000.0,0,False,168,185
304002020000,Xe đạp Thống Nhất MTB 20-04 Tem Xanh da trời,KIDBIKE_1,Xe trẻ em nhóm 1,Xe MTB 20-04,Xanh Da Trời,0.0,0.0,0.0,0.0,1960648.1499999997,0,False,168,185
305002001000,Xe đạp Thống Nhất MTB 20-05 Đen,KIDBIKE_1,Xe trẻ em nhóm 1,Xe MTB 20-05,Đen,0.0,0.0,0.0,0.0,1063035.6952857142,0,False,168,185
305002022000,Xe đạp Thống Nhất MTB 20-05 Xanh dương,KIDBIKE_1,Xe trẻ em nhóm 1,Xe MTB 20-05,Xanh Dương,0.0,0.0,0.0,0.0,1069521.605,0,False,168,185
314002005000,Xe đạp Thống Nhất MTB 24-04 Tem cam,SPORTBIKE_S,Xe thể thao thép,Xe MTB 24-04,Cam,13.833,14247990.0,11.066400000000002,16.5996,1030000.0,0,False,146,158
314002019000,Xe đạp Thống Nhất MTB 24-04 Tem vàng,SPORTBIKE_S,Xe thể thao thép,Xe MTB 24-04,Vàng,0.0,0.0,0.0,0.0,2488240.74,0,False,168,185
314002020000,Xe đạp Thống Nhất MTB 24-04 Tem Xanh da trời,SPORTBIKE_S,Xe thể thao thép,Xe MTB 24-04,Xanh Da Trời,15.2163,15672789.0,12.17304,18.25956,1030000.0,0,False,144,154
324000040000,Xe đạp Thống Nhất MTB 26-05_2023 Đỏ đun,SPORTBIKE_S,Xe thể thao thép,Xe MTB 26-05_2023,Đỏ Đun,15.1497,36266685.033599995,12.11976,18.17964,2393888.0,0,False,145,146
324000100000,Xe đạp Thống Nhất MTB 26-05_2023 Xanh rêu,SPORTBIKE_S,Xe thể thao thép,Xe MTB 26-05_2023,Xanh Rêu,2.7,6463497.600000001,2.16,3.24,2393888.0,0,False,165,173
324000180000,Xe đạp Thống Nhất MTB 26-05_2023 Đen mờ,SPORTBIKE_S,Xe thể thao thép,Xe MTB 26-05_2023,Đen Mờ,13.766399999999997,32955219.763199996,11.01312,16.519679999999997,2393888.0,0,False,147,148
329002004001,Xe đạp Thống Nhất MTB 26-07 Tem đỏ,SPORTBIKE_S,Xe thể thao thép,Xe MTB 26-07,Đỏ,12.4497,23654430.0,9.95976,14.939639999999999,1900000.0,0,False,150,150
329002005000,Xe đạp Thống Nhất MTB 26-07 Tem cam,SPORTBIKE_S,Xe thể thao thép,Xe MTB 26-07,Cam,5.5332,10568412.0,4.42656,6.6398399999999995,1910000.0,0,False,157,163
330002001000,Xe đạp Thống Nhất MTB 24-03 Đen,CITYBIKE_P,Xe phổ thông,Xe MTB 24-03,Đen,0.0,0.0,0.0,0.0,1215098.4187387386,0,False,168,185
330002002200,Xe đạp Thống Nhất MTB 24-03 Xanh dương,CITYBIKE_P,Xe phổ thông,Xe MTB 24-03,Xanh Dương,6.7628,7439080.0,5.41024,8.115359999999999,1100000.0,0,False,154,167
331002001000,Xe đạp Thống Nhất MTB 26-02 đen,UNKNOWN_GROUP,Unknown group,Unknown line,Đen,964.9464,1725536971.8285303,771.95712,1157.93568,1788220.5393258426,1,True,14,12
331002004000,Xe đạp Thống Nhất MTB 26-02 Đỏ tươi,CITYBIKE_P,Xe phổ thông,Xe MTB 26 02,Đỏ Tươi,189.22089999999997,328470987.5574069,151.37672,227.06507999999997,1735912.8275862068,0,False,84,82
331002008000,Xe đạp Thống Nhất MTB 26-02 Ghi,CITYBIKE_P,Xe phổ thông,Xe MTB 26 02,Ghi,740.6278,1324041425.9523,592.50224,888.7533599999999,1787728.5,0,False,25,19
331002022000,Xe đạp Thống Nhất MTB 26-02 Xanh dương,CITYBIKE_P,Xe phổ thông,Xe MTB 26 02,Xanh Dương,267.0745,475221758.62700003,213.6596,320.48940000000005,1779360.2857142857,0,False,64,60
333002001000,Xe đạp Thống Nhất Super 26 đen,SPORTBIKE_S,Xe thể thao thép,Xe Super 26,Đen,0.0,0.0,0.0,0.0,1320437.875,0,False,168,185
333002001002,Xe đạp Thống Nhất Super 26 S đen,UNKNOWN_GROUP,Unknown group,Unknown line,Đen,251.77679999999998,566257907.06496,201.42144000000002,302.13216,2249047.2,1,True,67,52
333002001003,Xe đạp Thống Nhất Super 26 S đen DA HP,UNKNOWN_GROUP,Unknown group,Unknown line,Đen,0.0,0.0,0.0,0.0,2592592.6,1,True,168,185
333002008000,Xe đạp Thống Nhất Super 26 S ghi,UNKNOWN_GROUP,Unknown group,Unknown line,Ghi,383.69539999999995,885288156.5367401,306.95632,460.43448,2307268.1,1,True,47,36
333002008003,Xe đạp Thống Nhất Super 26 S ghi DA HP,UNKNOWN_GROUP,Unknown group,Unknown line,Ghi,0.0,0.0,0.0,0.0,2592592.6,1,True,168,185
333002022000,Xe đạp Thống Nhất Super 26 xanh,SPORTBIKE_S,Xe thể thao thép,Xe Super 26,Xanh,2.7666,4011570.0,2.21328,3.3199199999999998,1450000.0,0,False,164,181
333002022002,Xe đạp Thống Nhất Super 26 S xanh,UNKNOWN_GROUP,Unknown group,Unknown line,Xanh,364.36510000000004,779989317.3422581,291.49208000000004,437.23812,2140680.64516129,1,True,50,39
333002022003,Xe đạp Thống Nhất Super 26 S xanh DA HP,UNKNOWN_GROUP,Unknown group,Unknown line,Xanh,0.0,0.0,0.0,0.0,2592592.6,1,True,168,185
334002001000,Xe đạp Thống Nhất Super 20 Đen,KIDBIKE_1,Xe trẻ em nhóm 1,Xe TE Super 20,Đen,210.50480000000002,343896122.9512,168.40384000000003,252.60576000000003,1633673.5454545456,0,False,79,79
334002004000,Xe đạp Thống Nhất Super 20 Đỏ,KIDBIKE_1,Xe trẻ em nhóm 1,Xe TE Super 20,Đỏ,127.1908,203781781.89713147,101.75264000000001,152.62896,1602173.9142857145,0,False,110,104
334002013000,Xe đạp Thống Nhất Super 20 Xanh,KIDBIKE_1,Xe trẻ em nhóm 1,Xe TE Super 20,Xanh,189.3397,319649796.0090531,151.47176,227.20763999999997,1688234.40625,0,False,83,84
335002001000,Xe đạp Thống Nhất Super 24 Đen,SPORTBIKE_S,Xe thể thao thép,Xe Super 24,Đen,299.0133,625558046.1023375,239.21064,358.81596,2092074.3194444447,0,False,61,46
335002004000,Xe đạp Thống Nhất Super 24 Đỏ,SPORTBIKE_S,Xe thể thao thép,Xe Super 24,Đỏ,125.66519999999998,248712374.99999997,100.53215999999999,150.79823999999996,1979166.6666666667,0,False,111,94
335002013000,Xe đạp Thống Nhất Super 24 Xanh,SPORTBIKE_S,Xe thể thao thép,Xe Super 24,Xanh,207.2799,421841855.3088782,165.82392,248.73588,2035131.5072463767,0,False,80,68
336002001000,Xe đạp Thống Nhất SK 20 đen,UNKNOWN_GROUP,Unknown group,Unknown line,Đen,912.0144,1258455661.083582,729.61152,1094.4172800000001,1379863.805970149,1,True,16,22
336002004000,Xe đạp Thống Nhất SK 20 đỏ,UNKNOWN_GROUP,Unknown group,Unknown line,Đỏ,249.86059999999998,345877048.80013484,199.88848000000002,299.83271999999994,1384280.0697674418,1,True,68,78
336002022000,Xe đạp Thống Nhất SK 20 xanh,UNKNOWN_GROUP,Unknown group,Unknown line,Xanh,442.52560000000005,606379338.6292758,354.02048,531.03072,1370269.5135135136,1,True,37,48
337002001000,Xe đạp Thống Nhất SK 24 đen,UNKNOWN_GROUP,Unknown group,Unknown line,Đen,838.8886,1364534577.0597029,671.11088,1006.6663199999999,1626598.0692307695,1,True,21,16
337002008000,Xe đạp Thống Nhất SK 24 ghi,UNKNOWN_GROUP,Unknown group,Unknown line,Ghi,575.9721,931696859.9002447,460.77768,691.1665199999999,1617607.623529412,1,True,34,34
337002022000,Xe đạp Thống Nhất SK 24 xanh,UNKNOWN_GROUP,Unknown group,Unknown line,Xanh,333.7884,540936060.92208,267.03072000000003,400.54608,1620595.7454545454,1,True,55,54
401002016000,"Xe đạp Thống Nhất Nữ Truyền thống Lốp đỏ, Ngọc",CITYBIKE_P,Xe phổ thông,Xe Nữ,Xanh Ngọc,894.1118999999999,1383123764.1168904,715.2895199999999,1072.93428,1546924.6792452831,0,False,17,15
401002016002,"Xe đạp Thống Nhất Nữ Truyền thống Lốp 2 màu, Ngọc",CITYBIKE_P,Xe phổ thông,Xe Nữ,Xanh Ngọc,324.9279,497320021.98450005,259.94232,389.91348000000005,1530555.0,0,False,57,58
401002022000,"Xe đạp Thống Nhất Nữ Lốp đỏ, Xanh dương",UNKNOWN_GROUP,Unknown group,Unknown line,Xanh Dương,0.0,0.0,0.0,0.0,1300000.0,0,True,168,185
406002004000,Xe đạp Thống Nhất nam 0209 đỏ đậm,UNKNOWN_GROUP,Unknown group,Unknown line,Đỏ Đậm,3.2186,15139341.6944,2.5748800000000003,3.8623199999999995,4703704.0,1,True,163,156
407002010000,Xe đạp Thống Nhất nữ 0209 Base xanh,UNKNOWN_GROUP,Unknown group,Unknown line,Xanh,1.6093,6824624.4913,1.2874400000000001,1.9311599999999998,4240741.0,1,True,166,172
407002019000,Xe đạp Thống Nhất nữ 0209 Base vàng cánh gián,UNKNOWN_GROUP,Unknown group,Unknown line,Vàng Cánh Gián,0.0,0.0,0.0,0.0,4240741.0,1,True,168,185
413002001000,Xe đạp Thống Nhất Highway 27.5 Đen bóng,SPORTBIKE_S,Xe thể thao thép,Xe Highway 27.5,Đen Bóng,28.8495,78358444.2945,23.0796,34.6194,2716111.0,0,False,138,136
413002003000,Xe đạp Thống Nhất Highway 27.5 Đỏ đun,SPORTBIKE_S,Xe thể thao thép,Xe Highway 27.5,Đỏ Đun,0.0,0.0,0.0,0.0,1450000.0,0,False,168,185
413002018000,Xe đạp Thống Nhất Highway 27.5 Đen mờ,SPORTBIKE_S,Xe thể thao thép,Xe Highway 27.5,Đen Mờ,0.0,0.0,0.0,0.0,1763078.7025,0,False,168,185
413002022000,Xe đạp Thống Nhất Highway 27.5 Xanh dương,SPORTBIKE_S,Xe thể thao thép,Xe Highway 27.5,Xanh Dương,20.6163,59297735.9565,16.49304,24.739559999999997,2876255.0,0,False,143,140
419002015000,Xe đạp Thống Nhất nam 0209 Base nâu,UNKNOWN_GROUP,Unknown group,Unknown line,Nâu,1.6093,6824624.4913,1.2874400000000001,1.9311599999999998,4240741.0,1,True,166,172
490002004000,Xe đạp đôi Thống Nhất 26 Đỏ tươi,CITYBIKE_P,Xe phổ thông,Xe đạp đôi 26,Đỏ Tươi,0.0,0.0,0.0,0.0,1749652.75,0,False,168,185
490002007000,Xe đạp đôi Thống Nhất 26 Coban,CITYBIKE_P,Xe phổ thông,Xe đạp đôi 26,Coban,0.0,0.0,0.0,0.0,1749652.75,0,False,168,185
490002009000,Xe đạp đôi Thống Nhất 26 Hồng,CITYBIKE_P,Xe phổ thông,Xe đạp đôi 26,Hồng,0.0,0.0,0.0,0.0,1400000.0,0,False,168,185
100028005008000,Xe đạp Thống Nhất MTB Cyper 27.5 Ghi,SPORTBIKE_A,Xe thể thao nhôm,Xe MTB Cyber 27.5,Ghi,0.0,0.0,0.0,0.0,3103913.556666666,0,False,168,185
100028005020000,Xe đạp Thống Nhất MTB Cyper 27.5 Xanh,SPORTBIKE_A,Xe thể thao nhôm,Xe MTB Cyber 27.5,Xanh,0.0,0.0,0.0,0.0,4066666.67,0,False,168,185
100029005001000,Xe đạp Thống Nhất Touring Blade 700C Đen,SPORTBIKE_A,Xe thể thao nhôm,Xe Touring Blade 700C,Đen,2.7666,9102114.0,2.21328,3.3199199999999998,3290000.0,0,False,164,166
100029005010000,Xe đạp Thống Nhất CPD 700C Đen,UNKNOWN_GROUP,Unknown group,Unknown line,Đen,469.2633,1338708836.5270247,375.41064000000006,563.1159600000001,2852788.2673267326,1,True,35,17
100029005020000,Xe đạp Thống Nhất Touring Blade 700C Xanh,SPORTBIKE_A,Xe thể thao nhôm,Xe Touring Blade 700C,Xanh,2.7666,9129780.0,2.21328,3.3199199999999998,3300000.0,0,False,164,165
100029005080000,Xe đạp Thống Nhất CPD 700C Ghi,UNKNOWN_GROUP,Unknown group,Unknown line,Ghi,416.28180000000003,1213812322.4029663,333.02544,499.53815999999995,2915842.8795180717,1,True,42,26
100029005090000,Xe đạp Thống Nhất CPD 700C Hồng,UNKNOWN_GROUP,Unknown group,Unknown line,Hồng,169.2141,474630587.7432076,135.37128,203.05692000000002,2804911.5750000007,1,True,92,61
100029005220000,Xe đạp Thống Nhất CPD 700C Xanh,UNKNOWN_GROUP,Unknown group,Unknown line,Xanh,123.8094,363513076.6651313,99.04752,148.57128,2936070.09375,1,True,113,77
100035005001000,"Xe đạp Thống Nhất MTB Cyper 2024 27.5""  Đen",SPORTBIKE_A,Xe thể thao nhôm,Xe MTB Cyber 27.5 2024,Đen,78.8481,237801353.7542727,63.07848,94.61771999999999,3015942.727272727,0,False,130,98
1000210020090000,Xe đạp Thống Nhất TE Love 12 Hồng,KIDBIKE_2,Xe trẻ em nhóm 2,Xe Love 12,Hồng,184.98329999999999,171113480.67478234,147.98664,221.97995999999995,925021.2352941176,0,False,85,111
1000220020090000,Xe đạp Thống Nhất TE Love 16 Hồng,KIDBIKE_2,Xe trẻ em nhóm 2,Xe Love 16,Hồng,140.5485,129949529.84765217,112.4388,168.6582,924588.5217391304,0,False,103,127
1000220020220000,Xe đạp Thống Nhất TE Love 16 Xanh dương,KIDBIKE_2,Xe trẻ em nhóm 2,Xe Love 16,Xanh Dương,116.43299999999999,109016984.98799998,93.1464,139.71959999999999,936306.588235294,0,False,116,130
1000230020090000,Xe đạp Thống Nhất TE Bunny 12 Hồng,KIDBIKE_2,Xe trẻ em nhóm 2,Xe Bunny 12,Hồng,234.3879,142412291.0661,187.51031999999998,281.26547999999997,607592.3333333334,0,False,73,124
1000240020090000,Xe đạp Thống Nhất TE Bunny 16 Hồng,KIDBIKE_2,Xe trẻ em nhóm 2,Xe Bunny 16,Hồng,815.0822999999998,761326699.9850287,652.06584,978.0987599999999,934048.8684210526,0,False,22,40
1000240020220000,Xe đạp Thống Nhất TE Bunny 16 Xanh dương,KIDBIKE_2,Xe trẻ em nhóm 2,Xe Bunny 16,Xanh Dương,160.81650000000002,143808288.25519565,128.65320000000003,192.9798,894238.3913043478,0,False,97,123
1000250020050000,Xe đạp Thống Nhất TE Robot 16 Cam,KIDBIKE_2,Xe trẻ em nhóm 2,Xe Robot 16,Cam,162.86579999999998,148724372.73541933,130.29264,195.43895999999998,913171.2903225807,0,False,96,119
1000250020220000,Xe đạp Thống Nhất TE Robot 16 Xanh dương,KIDBIKE_2,Xe trẻ em nhóm 2,Xe Robot 16,Xanh Dương,169.7823,153795676.24676573,135.82584,203.73876,905840.4571428573,0,False,91,116
1000260020220000,Xe đạp Thống Nhất TE Spaceboy 12 Xanh dương,KIDBIKE_2,Xe trẻ em nhóm 2,Xe Spaceboy 12,Xanh Dương,180.5211,171963045.95174998,144.41688,216.62532,952592.5,0,False,88,110
1000270020150000,Xe đạp Thống Nhất TE Spaceboy 16 Café/nâu,KIDBIKE_2,Xe trẻ em nhóm 2,Xe Spaceboy 16,Nâu,430.68330000000003,406953504.35854495,344.54664,516.81996,944901.983333333,0,False,38,70
1000270020220000,Xe đạp Thống Nhất TE Spaceboy 16 Xanh dương,KIDBIKE_2,Xe trẻ em nhóm 2,Xe Spaceboy 16,Xanh Dương,711.8316,649047847.0491759,569.46528,854.1979199999998,911799.7108433734,0,False,29,43
1000300050010000,Xe đạp Thống Nhất MTB SPD 27.5 ( Đen),SPORTBIKE_A,Xe thể thao nhôm,Xe MTB SPD 27.5,Đen,5.4666,16832065.9284,4.373279999999999,6.559919999999998,3079074.0,0,False,158,153
1000300050080000,Xe đạp Thống Nhất MTB SPD 27.5 ( Ghi),SPORTBIKE_A,Xe thể thao nhôm,Xe MTB SPD 27.5,Ghi,5.5332,6971832.0,4.42656,6.6398399999999995,1260000.0,0,False,157,171
1000300050200000,Xe đạp Thống Nhất MTB SPD 27.5 (xanh da trời),SPORTBIKE_A,Xe thể thao nhôm,Xe MTB SPD 27.5,Xanh Da Trời,0.0,0.0,0.0,0.0,2726481.481960784,0,False,168,185
1000310050010000,Xe đạp Thống Nhất Road RPD 700C Đen,SPORTBIKE_A,Xe thể thao nhôm,Xe Road RPD 700C,Đen,9.6831,13556339.999999998,7.74648,11.61972,1400000.0,0,False,153,159
1000310050080000,Xe đạp Thống Nhất Road RPD 700C Ghi,SPORTBIKE_A,Xe thể thao nhôm,Xe Road RPD 700C,Ghi,124.61489999999999,323717460.8054062,99.69192000000001,149.53788,2597742.8125,0,False,112,83
1000310050200000,Xe đạp Thống Nhất Road RPD 700C Xanh da trời,SPORTBIKE_A,Xe thể thao nhôm,Xe Road RPD 700C,Xanh Da Trời,26.2827,36795779.99999999,21.026159999999997,31.539239999999996,1400000.0,0,False,141,145
1000320010040000,"Xe đạp Thống Nhất Wonder Woman 20"" Đỏ",KIDBIKE_2,Xe trẻ em nhóm 2,Xe TE Wonder Woman 20 (IP - Bản quyền),Đỏ,13.766399999999997,15295998.470399998,11.01312,16.519679999999997,1111111.0,1,False,147,155
1000320010090000,"Xe đạp Thống Nhất Wonder Woman 20"" Hồng",KIDBIKE_2,Xe trẻ em nhóm 2,Xe TE Wonder Woman 20 (IP - Bản quyền),Hồng,28.9161,32128996.787100002,23.13288,34.69932,1111111.0,0,False,137,149
1000320050010000,Xe đạp Thống Nhất Road RPD 700C V5 Đen,UNKNOWN_GROUP,Unknown group,Unknown line,Đen,119.8582,301379815.4654,95.88656,143.82984,2514469.727272727,1,True,115,87
1000320050020000,Xe đạp Thống Nhất Road RPD 700C V5 Trắng,UNKNOWN_GROUP,Unknown group,Unknown line,Trắng,159.86520000000002,440894832.8895,127.89216000000002,191.83823999999998,2757916.25,1,True,98,67
1000320050200000,Xe đạp Thống Nhất Road RPD 700C V5 Xanh da trời,UNKNOWN_GROUP,Unknown group,Unknown line,Xanh Da Trời,112.05590000000001,309949062.21862,89.64472,134.46708,2766021.8,1,True,118,85
1000330010090000,"Xe đạp Thống Nhất The Powerpuff Girls 16"" Hồng",KIDBIKE_2,Xe trẻ em nhóm 2,Xe TE Powerpuff Girls 16 (IP - Bản quyền),Hồng,0.0,0.0,0.0,0.0,1369407.2133333334,0,False,168,185
1000330010240000,"Xe đạp Thống Nhất The Powerpuff Girls 16"" Tím",KIDBIKE_2,Xe trẻ em nhóm 2,Xe TE Powerpuff Girls 16 (IP - Bản quyền),Tím,0.0,0.0,0.0,0.0,1231481.0,0,False,168,185
1000340010090000,"Xe đạp Thống Nhất TE The Powerpuff Girls 12"" Hồng",KIDBIKE_2,Xe trẻ em nhóm 2,Xe TE Powerpuff Girls 12 (IP - Bản quyền),Hồng,13.433399999999999,12438320.895,10.74672,16.120079999999998,925925.0,0,False,148,160
1000340010240000,"Xe đạp Thống Nhất TE The Powerpuff Girls 12"" Tím",KIDBIKE_2,Xe trẻ em nhóm 2,Xe TE Powerpuff Girls 12 (IP - Bản quyền),Tím,0.0,0.0,0.0,0.0,1364076.78,0,False,168,185
1000350050220000,"Xe đạp Thống Nhất MTB Cyper 2024 27.5""  Ghi",SPORTBIKE_A,Xe thể thao nhôm,Xe MTB Cyber 27.5 2024,Ghi,0.0,0.0,0.0,0.0,3003787.0,0,False,168,185
1000400050010000,Xe đạp Thống Nhất MTB SPD 27.5 17 Đen,UNKNOWN_GROUP,Unknown group,Unknown line,Đen,424.798,1218286740.8454285,339.8384,509.7575999999999,2867920.142857143,1,True,40,25
1000400050020000,Xe đạp Thống Nhất MTB SPD 27.5 17 Trắng,UNKNOWN_GROUP,Unknown group,Unknown line,Trắng,342.0725,1007474132.3615294,273.658,410.48699999999997,2945206.4470588234,1,True,54,32
1000400050080000,Xe đạp Thống Nhất MTB SPD 27.5 15 Ghi,UNKNOWN_GROUP,Unknown group,Unknown line,Ghi,92.41869999999999,273610644.3785,73.93495999999999,110.90243999999998,2960555.0,1,True,126,91
1000400050080010,Xe đạp Thống Nhất MTB SPD 27.5 17 Ghi,UNKNOWN_GROUP,Unknown group,Unknown line,Ghi,455.9819,1322325968.0513597,364.78552,547.17828,2899952.7570093456,1,True,36,20
1000400050090000,Xe đạp Thống Nhất MTB SPD 27.5 15 Hồng,UNKNOWN_GROUP,Unknown group,Unknown line,Hồng,77.60940000000001,221561677.14521742,62.087520000000005,93.13128,2854830.434782609,1,True,131,101
1000400050200000,Xe đạp Thống Nhất MTB SPD 27.5 17 Xanh,UNKNOWN_GROUP,Unknown group,Unknown line,Xanh,135.5442,375453625.20798,108.43536,162.65304,2769971.9,1,True,105,74
1010020000050000,"Xe đạp Thống Nhất GRX AT 27,5_2.0_15 Cam",SPORTBIKE_A,Xe thể thao nhôm,"Xe GRX AT 27,5_2.0",Cam,11.0664,22907448.0,8.85312,13.279679999999999,2070000.0,0,False,152,151
1010020000080000,"Xe đạp Thống Nhất GRX AT 27,5_2.0_15 Ghi",SPORTBIKE_A,Xe thể thao nhôm,"Xe GRX AT 27,5_2.0",Ghi,113.4306,238204260.0,90.74448000000001,136.11672,2100000.0,0,False,117,97
1010020010050000,"Xe đạp Thống Nhất GRX AT 27,5_2.0_17 Cam",SPORTBIKE_A,Xe thể thao nhôm,"Xe GRX AT 27,5_2.0",Cam,2.7666,5809860.0,2.21328,3.3199199999999998,2100000.0,0,False,164,176
1010020010080000,"Xe đạp Thống Nhất GRX AT 27,5_2.0_17 Ghi",SPORTBIKE_A,Xe thể thao nhôm,"Xe GRX AT 27,5_2.0",Ghi,11.0664,22907448.0,8.85312,13.279679999999999,2070000.0,0,False,152,151
1010020010220000,"Xe đạp Thống Nhất GRX AT 27,5_2.0_17 Xanh dương",SPORTBIKE_A,Xe thể thao nhôm,"Xe GRX AT 27,5_2.0",Xanh Dương,5.5332,11453724.0,4.42656,6.6398399999999995,2070000.0,0,False,157,161
1010030010130000,Xe đạp Thống Nhất GRX 2.0 Xanh lá,UNKNOWN_GROUP,Unknown group,Unknown line,Xanh Lá,28.334899999999998,179685552.2963875,22.667920000000002,34.00188,6341492.375,1,True,139,108
1010030010220000,Xe đạp Thống Nhất GRX 2.0 Xanh dương,UNKNOWN_GROUP,Unknown group,Unknown line,Xanh Dương,11.6721,90658706.4009,9.33768,14.00652,7767129.0,1,True,151,135
1010030010260000,Xe đạp Thống Nhất GRX 2.0 Be,UNKNOWN_GROUP,Unknown group,Unknown line,Be,1.6093,11008057.776099999,1.2874400000000001,1.9311599999999998,6840277.0,1,True,166,162
1010130010050000,Xe đạp Thống Nhất REX Cam,UNKNOWN_GROUP,Unknown group,Unknown line,Cam,6.6000000000000005,63479163.0,5.280000000000001,7.92,9618055.0,1,True,155,139
1010130010220000,Xe đạp Thống Nhất REX Xanh dương,UNKNOWN_GROUP,Unknown group,Unknown line,Xanh Dương,4.9093,20987257.5,3.9274400000000007,5.89116,4275000.0,1,True,160,152
1030010000080000,Xe đạp Thống Nhất TE Batman12 Ghi,KIDBIKE_2,Xe trẻ em nhóm 2,Xe TE Batman12 (IP - Bản quyền),Ghi,145.85129999999998,97624336.02179998,116.68104,175.02155999999997,669341.5555555555,0,False,101,133
1040010000080000,Xe đạp Thống Nhất TE Batman16 Ghi,KIDBIKE_2,Xe trẻ em nhóm 2,Xe TE Batman16 (IP - Bản quyền),Ghi,423.567,551656517.414651,338.85360000000003,508.2804,1302406.7441860463,0,False,41,53
1050010000200000,Xe đạp Thống Nhất TE Super Man 12 Xanh,KIDBIKE_2,Xe trẻ em nhóm 2,Xe TE Super Man 12 (IP - Bản quyền),Xanh,95.166,98704577.41294739,76.1328,114.1992,1037183.2105263158,0,False,124,132
1060010000200000,Xe đạp Thống Nhất TE Super Man 16 Xanh,KIDBIKE_2,Xe trẻ em nhóm 2,Xe TE Super Man 16 (IP - Bản quyền),Xanh,129.0672,144373170.0372923,103.25376,154.88064,1118589.1538461538,0,False,108,122
